key,value,date
Glob,-19,1880
Glob,-10,1881
Glob,-9,1882
Glob,-19,1883
Glob,-27,1884
Glob,-31,1885
Glob,-30,1886
Glob,-33,1887
Glob,-20,1888
Glob,-11,1889
Glob,-36,1890
Glob,-23,1891
Glob,-26,1892
Glob,-29,1893
Glob,-30,1894
Glob,-21,1895
Glob,-14,1896
Glob,-11,1897
Glob,-28,1898
Glob,-16,1899
Glob,-8,1900
Glob,-13,1901
Glob,-26,1902
Glob,-35,1903
Glob,-44,1904
Glob,-27,1905
Glob,-21,1906
Glob,-39,1907
Glob,-42,1908
Glob,-47,1909
Glob,-42,1910
Glob,-44,1911
Glob,-35,1912
Glob,-33,1913
Glob,-15,1914
Glob,-10,1915
Glob,-33,1916
Glob,-39,1917
Glob,-24,1918
Glob,-21,1919
Glob,-25,1920
Glob,-19,1921
Glob,-26,1922
Glob,-22,1923
Glob,-26,1924
Glob,-19,1925
Glob,-8,1926
Glob,-20,1927
Glob,-20,1928
Glob,-35,1929
Glob,-13,1930
Glob,-9,1931
Glob,-16,1932
Glob,-28,1933
Glob,-13,1934
Glob,-19,1935
Glob,-14,1936
Glob,-1,1937
Glob,-2,1938
Glob,-3,1939
Glob,8,1940
Glob,13,1941
Glob,10,1942
Glob,14,1943
Glob,26,1944
Glob,13,1945
Glob,-3,1946
Glob,-3,1947
Glob,-9,1948
Glob,-9,1949
Glob,-18,1950
Glob,-7,1951
Glob,1,1952
Glob,8,1953
Glob,-12,1954
Glob,-14,1955
Glob,-20,1956
Glob,3,1957
Glob,6,1958
Glob,3,1959
Glob,-3,1960
Glob,5,1961
Glob,3,1962
Glob,6,1963
Glob,-20,1964
Glob,-10,1965
Glob,-5,1966
Glob,-2,1967
Glob,-7,1968
Glob,6,1969
Glob,3,1970
Glob,-9,1971
Glob,1,1972
Glob,15,1973
Glob,-8,1974
Glob,-1,1975
Glob,-11,1976
Glob,18,1977
Glob,7,1978
Glob,17,1979
Glob,28,1980
Glob,33,1981
Glob,13,1982
Glob,31,1983
Glob,16,1984
Glob,12,1985
Glob,19,1986
Glob,34,1987
Glob,40,1988
Glob,29,1989
Glob,44,1990
Glob,42,1991
Glob,23,1992
Glob,24,1993
Glob,32,1994
Glob,46,1995
Glob,35,1996
Glob,48,1997
Glob,63,1998
Glob,42,1999
Glob,42,2000
Glob,55,2001
Glob,63,2002
Glob,62,2003
Glob,55,2004
Glob,69,2005
Glob,64,2006
Glob,66,2007
Glob,54,2008
Glob,65,2009
Glob,71,2010
Glob,60,2011
Glob,63,2012
Glob,66,2013
Glob,75,2014
NHem,-33,1880
NHem,-18,1881
NHem,-17,1882
NHem,-30,1883
NHem,-42,1884
NHem,-41,1885
NHem,-39,1886
NHem,-37,1887
NHem,-22,1888
NHem,-16,1889
NHem,-40,1890
NHem,-23,1891
NHem,-30,1892
NHem,-39,1893
NHem,-37,1894
NHem,-28,1895
NHem,-20,1896
NHem,-13,1897
NHem,-28,1898
NHem,-17,1899
NHem,-3,1900
NHem,-8,1901
NHem,-29,1902
NHem,-35,1903
NHem,-45,1904
NHem,-28,1905
NHem,-20,1906
NHem,-46,1907
NHem,-45,1908
NHem,-48,1909
NHem,-43,1910
NHem,-41,1911
NHem,-47,1912
NHem,-42,1913
NHem,-18,1914
NHem,-9,1915
NHem,-35,1916
NHem,-52,1917
NHem,-32,1918
NHem,-32,1919
NHem,-26,1920
NHem,-8,1921
NHem,-25,1922
NHem,-18,1923
NHem,-15,1924
NHem,-7,1925
NHem,4,1926
NHem,-10,1927
NHem,-7,1928
NHem,-30,1929
NHem,2,1930
NHem,5,1931
NHem,-3,1932
NHem,-24,1933
NHem,1,1934
NHem,-8,1935
NHem,-3,1936
NHem,13,1937
NHem,14,1938
NHem,7,1939
NHem,14,1940
NHem,16,1941
NHem,14,1942
NHem,21,1943
NHem,28,1944
NHem,9,1945
NHem,7,1946
NHem,5,1947
NHem,0,1948
NHem,-2,1949
NHem,-16,1950
NHem,5,1951
NHem,5,1952
NHem,22,1953
NHem,-4,1954
NHem,-9,1955
NHem,-25,1956
NHem,4,1957
NHem,16,1958
NHem,11,1959
NHem,8,1960
NHem,8,1961
NHem,14,1962
NHem,15,1963
NHem,-20,1964
NHem,-13,1965
NHem,0,1966
NHem,3,1967
NHem,-5,1968
NHem,-2,1969
NHem,-3,1970
NHem,-15,1971
NHem,-18,1972
NHem,10,1973
NHem,-19,1974
NHem,-5,1975
NHem,-21,1976
NHem,12,1977
NHem,2,1978
NHem,8,1979
NHem,16,1980
NHem,39,1981
NHem,6,1982
NHem,26,1983
NHem,5,1984
NHem,0,1985
NHem,14,1986
NHem,27,1987
NHem,37,1988
NHem,29,1989
NHem,51,1990
NHem,41,1991
NHem,12,1992
NHem,20,1993
NHem,36,1994
NHem,58,1995
NHem,28,1996
NHem,53,1997
NHem,73,1998
NHem,52,1999
NHem,51,2000
NHem,64,2001
NHem,71,2002
NHem,72,2003
NHem,67,2004
NHem,84,2005
NHem,80,2006
NHem,83,2007
NHem,66,2008
NHem,71,2009
NHem,88,2010
NHem,71,2011
NHem,77,2012
NHem,76,2013
NHem,91,2014
SHem,-5,1880
SHem,-2,1881
SHem,-1,1882
SHem,-8,1883
SHem,-12,1884
SHem,-21,1885
SHem,-21,1886
SHem,-28,1887
SHem,-17,1888
SHem,-6,1889
SHem,-33,1890
SHem,-24,1891
SHem,-21,1892
SHem,-19,1893
SHem,-23,1894
SHem,-14,1895
SHem,-8,1896
SHem,-9,1897
SHem,-29,1898
SHem,-15,1899
SHem,-13,1900
SHem,-19,1901
SHem,-23,1902
SHem,-35,1903
SHem,-42,1904
SHem,-26,1905
SHem,-23,1906
SHem,-31,1907
SHem,-39,1908
SHem,-46,1909
SHem,-41,1910
SHem,-47,1911
SHem,-22,1912
SHem,-25,1913
SHem,-13,1914
SHem,-11,1915
SHem,-30,1916
SHem,-26,1917
SHem,-17,1918
SHem,-10,1919
SHem,-24,1920
SHem,-31,1921
SHem,-27,1922
SHem,-27,1923
SHem,-38,1924
SHem,-30,1925
SHem,-21,1926
SHem,-29,1927
SHem,-33,1928
SHem,-40,1929
SHem,-29,1930
SHem,-23,1931
SHem,-30,1932
SHem,-31,1933
SHem,-27,1934
SHem,-29,1935
SHem,-26,1936
SHem,-16,1937
SHem,-18,1938
SHem,-13,1939
SHem,3,1940
SHem,10,1941
SHem,6,1942
SHem,7,1943
SHem,24,1944
SHem,16,1945
SHem,-12,1946
SHem,-12,1947
SHem,-18,1948
SHem,-16,1949
SHem,-19,1950
SHem,-18,1951
SHem,-3,1952
SHem,-6,1953
SHem,-20,1954
SHem,-19,1955
SHem,-14,1956
SHem,3,1957
SHem,-5,1958
SHem,-4,1959
SHem,-13,1960
SHem,3,1961
SHem,-9,1962
SHem,-3,1963
SHem,-21,1964
SHem,-7,1965
SHem,-10,1966
SHem,-8,1967
SHem,-9,1968
SHem,14,1969
SHem,9,1970
SHem,-3,1971
SHem,20,1972
SHem,20,1973
SHem,4,1974
SHem,2,1975
SHem,-2,1976
SHem,24,1977
SHem,12,1978
SHem,26,1979
SHem,39,1980
SHem,27,1981
SHem,21,1982
SHem,35,1983
SHem,27,1984
SHem,25,1985
SHem,25,1986
SHem,41,1987
SHem,43,1988
SHem,29,1989
SHem,36,1990
SHem,44,1991
SHem,33,1992
SHem,29,1993
SHem,27,1994
SHem,34,1995
SHem,42,1996
SHem,42,1997
SHem,54,1998
SHem,32,1999
SHem,33,2000
SHem,46,2001
SHem,56,2002
SHem,52,2003
SHem,42,2004
SHem,55,2005
SHem,47,2006
SHem,49,2007
SHem,42,2008
SHem,59,2009
SHem,55,2010
SHem,50,2011
SHem,50,2012
SHem,56,2013
SHem,58,2014
24N.90N,-38,1880
24N.90N,-27,1881
24N.90N,-21,1882
24N.90N,-34,1883
24N.90N,-56,1884
24N.90N,-61,1885
24N.90N,-49,1886
24N.90N,-46,1887
24N.90N,-42,1888
24N.90N,-25,1889
24N.90N,-44,1890
24N.90N,-33,1891
24N.90N,-29,1892
24N.90N,-37,1893
24N.90N,-26,1894
24N.90N,-34,1895
24N.90N,-33,1896
24N.90N,-30,1897
24N.90N,-28,1898
24N.90N,-18,1899
24N.90N,-12,1900
24N.90N,-10,1901
24N.90N,-47,1902
24N.90N,-39,1903
24N.90N,-46,1904
24N.90N,-37,1905
24N.90N,-19,1906
24N.90N,-56,1907
24N.90N,-46,1908
24N.90N,-47,1909
24N.90N,-36,1910
24N.90N,-37,1911
24N.90N,-57,1912
24N.90N,-40,1913
24N.90N,-22,1914
24N.90N,-16,1915
24N.90N,-27,1916
24N.90N,-40,1917
24N.90N,-32,1918
24N.90N,-39,1919
24N.90N,-16,1920
24N.90N,7,1921
24N.90N,-18,1922
24N.90N,-7,1923
24N.90N,-7,1924
24N.90N,3,1925
24N.90N,6,1926
24N.90N,-9,1927
24N.90N,-3,1928
24N.90N,-33,1929
24N.90N,10,1930
24N.90N,5,1931
24N.90N,7,1932
24N.90N,-21,1933
24N.90N,21,1934
24N.90N,0,1935
24N.90N,-1,1936
24N.90N,21,1937
24N.90N,37,1938
24N.90N,24,1939
24N.90N,10,1940
24N.90N,-3,1941
24N.90N,14,1942
24N.90N,38,1943
24N.90N,39,1944
24N.90N,10,1945
24N.90N,8,1946
24N.90N,14,1947
24N.90N,14,1948
24N.90N,12,1949
24N.90N,-8,1950
24N.90N,7,1951
24N.90N,9,1952
24N.90N,33,1953
24N.90N,3,1954
24N.90N,2,1955
24N.90N,-24,1956
24N.90N,2,1957
24N.90N,10,1958
24N.90N,15,1959
24N.90N,9,1960
24N.90N,18,1961
24N.90N,27,1962
24N.90N,16,1963
24N.90N,-24,1964
24N.90N,-17,1965
24N.90N,-12,1966
24N.90N,13,1967
24N.90N,-8,1968
24N.90N,-26,1969
24N.90N,-10,1970
24N.90N,-6,1971
24N.90N,-35,1972
24N.90N,12,1973
24N.90N,-17,1974
24N.90N,12,1975
24N.90N,-26,1976
24N.90N,14,1977
24N.90N,-3,1978
24N.90N,-3,1979
24N.90N,6,1980
24N.90N,50,1981
24N.90N,-6,1982
24N.90N,24,1983
24N.90N,3,1984
24N.90N,-3,1985
24N.90N,11,1986
24N.90N,7,1987
24N.90N,40,1988
24N.90N,42,1989
24N.90N,61,1990
24N.90N,46,1991
24N.90N,7,1992
24N.90N,13,1993
24N.90N,43,1994
24N.90N,70,1995
24N.90N,26,1996
24N.90N,54,1997
24N.90N,79,1998
24N.90N,73,1999
24N.90N,71,2000
24N.90N,80,2001
24N.90N,81,2002
24N.90N,80,2003
24N.90N,75,2004
24N.90N,99,2005
24N.90N,96,2006
24N.90N,110,2007
24N.90N,88,2008
24N.90N,74,2009
24N.90N,98,2010
24N.90N,93,2011
24N.90N,97,2012
24N.90N,88,2013
24N.90N,106,2014
24S.24N,-16,1880
24S.24N,-2,1881
24S.24N,-10,1882
24S.24N,-22,1883
24S.24N,-17,1884
24S.24N,-17,1885
24S.24N,-24,1886
24S.24N,-27,1887
24S.24N,7,1888
24S.24N,4,1889
24S.24N,-39,1890
24S.24N,-16,1891
24S.24N,-30,1892
24S.24N,-40,1893
24S.24N,-38,1894
24S.24N,-13,1895
24S.24N,3,1896
24S.24N,16,1897
24S.24N,-29,1898
24S.24N,-13,1899
24S.24N,15,1900
24S.24N,-5,1901
24S.24N,-5,1902
24S.24N,-32,1903
24S.24N,-46,1904
24S.24N,-13,1905
24S.24N,-22,1906
24S.24N,-34,1907
24S.24N,-47,1908
24S.24N,-53,1909
24S.24N,-54,1910
24S.24N,-47,1911
24S.24N,-22,1912
24S.24N,-31,1913
24S.24N,-7,1914
24S.24N,1,1915
24S.24N,-45,1916
24S.24N,-61,1917
24S.24N,-27,1918
24S.24N,-14,1919
24S.24N,-27,1920
24S.24N,-27,1921
24S.24N,-32,1922
24S.24N,-30,1923
24S.24N,-25,1924
24S.24N,-22,1925
24S.24N,3,1926
24S.24N,-14,1927
24S.24N,-14,1928
24S.24N,-27,1929
24S.24N,-12,1930
24S.24N,3,1931
24S.24N,-17,1932
24S.24N,-29,1933
24S.24N,-27,1934
24S.24N,-22,1935
24S.24N,-14,1936
24S.24N,-6,1937
24S.24N,-26,1938
24S.24N,-17,1939
24S.24N,19,1940
24S.24N,39,1941
24S.24N,15,1942
24S.24N,0,1943
24S.24N,22,1944
24S.24N,22,1945
24S.24N,-1,1946
24S.24N,-9,1947
24S.24N,-18,1948
24S.24N,-18,1949
24S.24N,-27,1950
24S.24N,-6,1951
24S.24N,2,1952
24S.24N,5,1953
24S.24N,-21,1954
24S.24N,-32,1955
24S.24N,-32,1956
24S.24N,7,1957
24S.24N,20,1958
24S.24N,6,1959
24S.24N,1,1960
24S.24N,-3,1961
24S.24N,-4,1962
24S.24N,11,1963
24S.24N,-14,1964
24S.24N,-3,1965
24S.24N,8,1966
24S.24N,-14,1967
24S.24N,-6,1968
24S.24N,32,1969
24S.24N,6,1970
24S.24N,-26,1971
24S.24N,16,1972
24S.24N,17,1973
24S.24N,-19,1974
24S.24N,-22,1975
24S.24N,-11,1976
24S.24N,16,1977
24S.24N,9,1978
24S.24N,25,1979
24S.24N,30,1980
24S.24N,19,1981
24S.24N,27,1982
24S.24N,44,1983
24S.24N,19,1984
24S.24N,11,1985
24S.24N,24,1986
24S.24N,60,1987
24S.24N,38,1988
24S.24N,16,1989
24S.24N,38,1990
24S.24N,39,1991
24S.24N,30,1992
24S.24N,34,1993
24S.24N,32,1994
24S.24N,44,1995
24S.24N,34,1996
24S.24N,53,1997
24S.24N,72,1998
24S.24N,26,1999
24S.24N,28,2000
24S.24N,45,2001
24S.24N,61,2002
24S.24N,64,2003
24S.24N,57,2004
24S.24N,65,2005
24S.24N,56,2006
24S.24N,47,2007
24S.24N,39,2008
24S.24N,68,2009
24S.24N,69,2010
24S.24N,37,2011
24S.24N,51,2012
24S.24N,58,2013
24S.24N,67,2014
90S.24S,-5,1880
90S.24S,-5,1881
90S.24S,4,1882
90S.24S,-2,1883
90S.24S,-11,1884
90S.24S,-20,1885
90S.24S,-20,1886
90S.24S,-26,1887
90S.24S,-33,1888
90S.24S,-17,1889
90S.24S,-26,1890
90S.24S,-23,1891
90S.24S,-16,1892
90S.24S,-7,1893
90S.24S,-22,1894
90S.24S,-19,1895
90S.24S,-18,1896
90S.24S,-28,1897
90S.24S,-29,1898
90S.24S,-17,1899
90S.24S,-34,1900
90S.24S,-28,1901
90S.24S,-33,1902
90S.24S,-33,1903
90S.24S,-38,1904
90S.24S,-36,1905
90S.24S,-24,1906
90S.24S,-28,1907
90S.24S,-33,1908
90S.24S,-40,1909
90S.24S,-32,1910
90S.24S,-47,1911
90S.24S,-30,1912
90S.24S,-31,1913
90S.24S,-19,1914
90S.24S,-18,1915
90S.24S,-22,1916
90S.24S,-9,1917
90S.24S,-14,1918
90S.24S,-13,1919
90S.24S,-30,1920
90S.24S,-35,1921
90S.24S,-25,1922
90S.24S,-28,1923
90S.24S,-47,1924
90S.24S,-36,1925
90S.24S,-38,1926
90S.24S,-37,1927
90S.24S,-46,1928
90S.24S,-48,1929
90S.24S,-38,1930
90S.24S,-38,1931
90S.24S,-38,1932
90S.24S,-33,1933
90S.24S,-28,1934
90S.24S,-33,1935
90S.24S,-27,1936
90S.24S,-18,1937
90S.24S,-10,1938
90S.24S,-9,1939
90S.24S,-7,1940
90S.24S,-6,1941
90S.24S,1,1942
90S.24S,9,1943
90S.24S,18,1944
90S.24S,3,1945
90S.24S,-16,1946
90S.24S,-13,1947
90S.24S,-20,1948
90S.24S,-19,1949
90S.24S,-14,1950
90S.24S,-22,1951
90S.24S,-7,1952
90S.24S,-14,1953
90S.24S,-14,1954
90S.24S,-7,1955
90S.24S,1,1956
90S.24S,-1,1957
90S.24S,-17,1958
90S.24S,-13,1959
90S.24S,-20,1960
90S.24S,4,1961
90S.24S,-13,1962
90S.24S,-12,1963
90S.24S,-26,1964
90S.24S,-12,1965
90S.24S,-16,1966
90S.24S,-2,1967
90S.24S,-8,1968
90S.24S,4,1969
90S.24S,11,1970
90S.24S,9,1971
90S.24S,16,1972
90S.24S,14,1973
90S.24S,17,1974
90S.24S,12,1975
90S.24S,2,1976
90S.24S,25,1977
90S.24S,15,1978
90S.24S,25,1979
90S.24S,46,1980
90S.24S,35,1981
90S.24S,14,1982
90S.24S,20,1983
90S.24S,25,1984
90S.24S,29,1985
90S.24S,21,1986
90S.24S,27,1987
90S.24S,42,1988
90S.24S,33,1989
90S.24S,35,1990
90S.24S,43,1991
90S.24S,28,1992
90S.24S,23,1993
90S.24S,21,1994
90S.24S,23,1995
90S.24S,45,1996
90S.24S,34,1997
90S.24S,36,1998
90S.24S,32,1999
90S.24S,33,2000
90S.24S,44,2001
90S.24S,48,2002
90S.24S,41,2003
90S.24S,32,2004
90S.24S,45,2005
90S.24S,40,2006
90S.24S,48,2007
90S.24S,40,2008
90S.24S,51,2009
90S.24S,48,2010
90S.24S,58,2011
90S.24S,44,2012
90S.24S,54,2013
90S.24S,54,2014
64N.90N,-89,1880
64N.90N,-54,1881
64N.90N,-125,1882
64N.90N,-28,1883
64N.90N,-127,1884
64N.90N,-119,1885
64N.90N,-124,1886
64N.90N,-158,1887
64N.90N,-141,1888
64N.90N,-82,1889
64N.90N,-127,1890
64N.90N,-118,1891
64N.90N,-119,1892
64N.90N,-76,1893
64N.90N,-121,1894
64N.90N,-86,1895
64N.90N,-113,1896
64N.90N,-73,1897
64N.90N,-121,1898
64N.90N,-99,1899
64N.90N,-50,1900
64N.90N,-41,1901
64N.90N,-145,1902
64N.90N,-37,1903
64N.90N,-23,1904
64N.90N,-12,1905
64N.90N,-29,1906
64N.90N,-68,1907
64N.90N,-39,1908
64N.90N,-72,1909
64N.90N,-62,1910
64N.90N,-24,1911
64N.90N,-60,1912
64N.90N,-51,1913
64N.90N,-50,1914
64N.90N,-50,1915
64N.90N,-25,1916
64N.90N,-64,1917
64N.90N,-108,1918
64N.90N,-80,1919
64N.90N,13,1920
64N.90N,5,1921
64N.90N,-22,1922
64N.90N,29,1923
64N.90N,38,1924
64N.90N,-4,1925
64N.90N,52,1926
64N.90N,-4,1927
64N.90N,59,1928
64N.90N,1,1929
64N.90N,48,1930
64N.90N,48,1931
64N.90N,25,1932
64N.90N,-29,1933
64N.90N,74,1934
64N.90N,22,1935
64N.90N,24,1936
64N.90N,108,1937
64N.90N,123,1938
64N.90N,51,1939
64N.90N,88,1940
64N.90N,-21,1941
64N.90N,36,1942
64N.90N,118,1943
64N.90N,103,1944
64N.90N,45,1945
64N.90N,-15,1946
64N.90N,100,1947
64N.90N,8,1948
64N.90N,22,1949
64N.90N,4,1950
64N.90N,1,1951
64N.90N,10,1952
64N.90N,81,1953
64N.90N,58,1954
64N.90N,-43,1955
64N.90N,-21,1956
64N.90N,3,1957
64N.90N,-15,1958
64N.90N,50,1959
64N.90N,35,1960
64N.90N,-18,1961
64N.90N,58,1962
64N.90N,-5,1963
64N.90N,-67,1964
64N.90N,-20,1965
64N.90N,-67,1966
64N.90N,43,1967
64N.90N,-17,1968
64N.90N,5,1969
64N.90N,-17,1970
64N.90N,-6,1971
64N.90N,-45,1972
64N.90N,20,1973
64N.90N,-29,1974
64N.90N,22,1975
64N.90N,-4,1976
64N.90N,24,1977
64N.90N,-8,1978
64N.90N,-59,1979
64N.90N,32,1980
64N.90N,129,1981
64N.90N,-27,1982
64N.90N,32,1983
64N.90N,39,1984
64N.90N,41,1985
64N.90N,7,1986
64N.90N,-26,1987
64N.90N,75,1988
64N.90N,40,1989
64N.90N,60,1990
64N.90N,74,1991
64N.90N,-19,1992
64N.90N,63,1993
64N.90N,36,1994
64N.90N,140,1995
64N.90N,79,1996
64N.90N,78,1997
64N.90N,91,1998
64N.90N,47,1999
64N.90N,110,2000
64N.90N,104,2001
64N.90N,126,2002
64N.90N,143,2003
64N.90N,64,2004
64N.90N,200,2005
64N.90N,173,2006
64N.90N,201,2007
64N.90N,144,2008
64N.90N,127,2009
64N.90N,199,2010
64N.90N,211,2011
64N.90N,189,2012
64N.90N,123,2013
64N.90N,185,2014
44N.64N,-54,1880
44N.64N,-40,1881
44N.64N,-20,1882
44N.64N,-57,1883
44N.64N,-58,1884
44N.64N,-70,1885
44N.64N,-43,1886
44N.64N,-52,1887
44N.64N,-43,1888
44N.64N,-13,1889
44N.64N,-41,1890
44N.64N,-17,1891
44N.64N,-30,1892
44N.64N,-35,1893
44N.64N,-17,1894
44N.64N,-38,1895
44N.64N,-34,1896
44N.64N,-31,1897
44N.64N,-2,1898
44N.64N,4,1899
44N.64N,-3,1900
44N.64N,-1,1901
44N.64N,-40,1902
44N.64N,-30,1903
44N.64N,-53,1904
44N.64N,-16,1905
44N.64N,4,1906
44N.64N,-69,1907
44N.64N,-50,1908
44N.64N,-49,1909
44N.64N,-13,1910
44N.64N,-36,1911
44N.64N,-70,1912
44N.64N,-27,1913
44N.64N,-6,1914
44N.64N,-6,1915
44N.64N,-43,1916
44N.64N,-39,1917
44N.64N,-13,1918
44N.64N,-44,1919
44N.64N,-8,1920
44N.64N,24,1921
44N.64N,-31,1922
44N.64N,-3,1923
44N.64N,-15,1924
44N.64N,27,1925
44N.64N,25,1926
44N.64N,-12,1927
44N.64N,-7,1928
44N.64N,-50,1929
44N.64N,16,1930
44N.64N,8,1931
44N.64N,31,1932
44N.64N,-38,1933
44N.64N,40,1934
44N.64N,7,1935
44N.64N,18,1936
44N.64N,8,1937
44N.64N,44,1938
44N.64N,33,1939
44N.64N,3,1940
44N.64N,-11,1941
44N.64N,0,1942
44N.64N,33,1943
44N.64N,50,1944
44N.64N,-1,1945
44N.64N,2,1946
44N.64N,-15,1947
44N.64N,36,1948
44N.64N,17,1949
44N.64N,-34,1950
44N.64N,3,1951
44N.64N,-7,1952
44N.64N,37,1953
44N.64N,-20,1954
44N.64N,-7,1955
44N.64N,-47,1956
44N.64N,22,1957
44N.64N,18,1958
44N.64N,17,1959
44N.64N,-6,1960
44N.64N,37,1961
44N.64N,34,1962
44N.64N,32,1963
44N.64N,-22,1964
44N.64N,-24,1965
44N.64N,-16,1966
44N.64N,26,1967
44N.64N,-2,1968
44N.64N,-59,1969
44N.64N,-14,1970
44N.64N,0,1971
44N.64N,-49,1972
44N.64N,26,1973
44N.64N,-11,1974
44N.64N,35,1975
44N.64N,-33,1976
44N.64N,22,1977
44N.64N,0,1978
44N.64N,6,1979
44N.64N,1,1980
44N.64N,77,1981
44N.64N,7,1982
44N.64N,67,1983
44N.64N,7,1984
44N.64N,-27,1985
44N.64N,24,1986
44N.64N,13,1987
44N.64N,49,1988
44N.64N,67,1989
44N.64N,83,1990
44N.64N,59,1991
44N.64N,37,1992
44N.64N,23,1993
44N.64N,46,1994
44N.64N,95,1995
44N.64N,19,1996
44N.64N,87,1997
44N.64N,92,1998
44N.64N,82,1999
44N.64N,75,2000
44N.64N,81,2001
44N.64N,96,2002
44N.64N,94,2003
44N.64N,92,2004
44N.64N,116,2005
44N.64N,105,2006
44N.64N,129,2007
44N.64N,102,2008
44N.64N,58,2009
44N.64N,86,2010
44N.64N,90,2011
44N.64N,89,2012
44N.64N,103,2013
44N.64N,113,2014
24N.44N,-22,1880
24N.44N,-14,1881
24N.44N,-3,1882
24N.44N,-20,1883
24N.44N,-41,1884
24N.44N,-43,1885
24N.44N,-38,1886
24N.44N,-21,1887
24N.44N,-22,1888
24N.44N,-21,1889
24N.44N,-30,1890
24N.44N,-27,1891
24N.44N,-12,1892
24N.44N,-30,1893
24N.44N,-9,1894
24N.44N,-18,1895
24N.44N,-12,1896
24N.44N,-19,1897
24N.44N,-21,1898
24N.44N,-12,1899
24N.44N,-8,1900
24N.44N,-9,1901
24N.44N,-26,1902
24N.44N,-46,1903
24N.44N,-47,1904
24N.44N,-57,1905
24N.44N,-32,1906
24N.44N,-44,1907
24N.44N,-45,1908
24N.44N,-40,1909
24N.44N,-44,1910
24N.44N,-43,1911
24N.44N,-48,1912
24N.44N,-46,1913
24N.44N,-25,1914
24N.44N,-13,1915
24N.44N,-19,1916
24N.44N,-36,1917
24N.44N,-23,1918
24N.44N,-25,1919
24N.44N,-29,1920
24N.44N,-4,1921
24N.44N,-8,1922
24N.44N,-21,1923
24N.44N,-16,1924
24N.44N,-11,1925
24N.44N,-18,1926
24N.44N,-9,1927
24N.44N,-18,1928
24N.44N,-33,1929
24N.44N,-5,1930
24N.44N,-10,1931
24N.44N,-15,1932
24N.44N,-8,1933
24N.44N,-8,1934
24N.44N,-11,1935
24N.44N,-21,1936
24N.44N,2,1937
24N.44N,6,1938
24N.44N,10,1939
24N.44N,-10,1940
24N.44N,7,1941
24N.44N,15,1942
24N.44N,16,1943
24N.44N,14,1944
24N.44N,6,1945
24N.44N,20,1946
24N.44N,6,1947
24N.44N,2,1948
24N.44N,7,1949
24N.44N,4,1950
24N.44N,12,1951
24N.44N,18,1952
24N.44N,15,1953
24N.44N,-1,1954
24N.44N,23,1955
24N.44N,-10,1956
24N.44N,-11,1957
24N.44N,12,1958
24N.44N,2,1959
24N.44N,10,1960
24N.44N,17,1961
24N.44N,14,1962
24N.44N,13,1963
24N.44N,-11,1964
24N.44N,-11,1965
24N.44N,8,1966
24N.44N,-6,1967
24N.44N,-8,1968
24N.44N,-15,1969
24N.44N,-6,1970
24N.44N,-10,1971
24N.44N,-22,1972
24N.44N,2,1973
24N.44N,-18,1974
24N.44N,-6,1975
24N.44N,-28,1976
24N.44N,7,1977
24N.44N,-3,1978
24N.44N,9,1979
24N.44N,2,1980
24N.44N,9,1981
24N.44N,-8,1982
24N.44N,-6,1983
24N.44N,-12,1984
24N.44N,-1,1985
24N.44N,4,1986
24N.44N,14,1987
24N.44N,23,1988
24N.44N,27,1989
24N.44N,48,1990
24N.44N,28,1991
24N.44N,-2,1992
24N.44N,-8,1993
24N.44N,43,1994
24N.44N,33,1995
24N.44N,13,1996
24N.44N,26,1997
24N.44N,68,1998
24N.44N,77,1999
24N.44N,56,2000
24N.44N,71,2001
24N.44N,58,2002
24N.44N,52,2003
24N.44N,68,2004
24N.44N,56,2005
24N.44N,67,2006
24N.44N,69,2007
24N.44N,61,2008
24N.44N,67,2009
24N.44N,74,2010
24N.44N,57,2011
24N.44N,73,2012
24N.44N,68,2013
24N.44N,76,2014
EQU.24N,-26,1880
EQU.24N,-5,1881
EQU.24N,-12,1882
EQU.24N,-25,1883
EQU.24N,-21,1884
EQU.24N,-11,1885
EQU.24N,-24,1886
EQU.24N,-24,1887
EQU.24N,7,1888
EQU.24N,-3,1889
EQU.24N,-35,1890
EQU.24N,-8,1891
EQU.24N,-32,1892
EQU.24N,-43,1893
EQU.24N,-53,1894
EQU.24N,-19,1895
EQU.24N,-2,1896
EQU.24N,13,1897
EQU.24N,-28,1898
EQU.24N,-16,1899
EQU.24N,11,1900
EQU.24N,-3,1901
EQU.24N,-3,1902
EQU.24N,-27,1903
EQU.24N,-45,1904
EQU.24N,-15,1905
EQU.24N,-22,1906
EQU.24N,-33,1907
EQU.24N,-45,1908
EQU.24N,-50,1909
EQU.24N,-54,1910
EQU.24N,-47,1911
EQU.24N,-33,1912
EQU.24N,-45,1913
EQU.24N,-12,1914
EQU.24N,2,1915
EQU.24N,-47,1916
EQU.24N,-70,1917
EQU.24N,-32,1918
EQU.24N,-23,1919
EQU.24N,-40,1920
EQU.24N,-30,1921
EQU.24N,-35,1922
EQU.24N,-33,1923
EQU.24N,-26,1924
EQU.24N,-22,1925
EQU.24N,1,1926
EQU.24N,-12,1927
EQU.24N,-14,1928
EQU.24N,-26,1929
EQU.24N,-9,1930
EQU.24N,6,1931
EQU.24N,-17,1932
EQU.24N,-29,1933
EQU.24N,-28,1934
EQU.24N,-20,1935
EQU.24N,-6,1936
EQU.24N,2,1937
EQU.24N,-21,1938
EQU.24N,-17,1939
EQU.24N,19,1940
EQU.24N,44,1941
EQU.24N,15,1942
EQU.24N,-4,1943
EQU.24N,11,1944
EQU.24N,9,1945
EQU.24N,5,1946
EQU.24N,-9,1947
EQU.24N,-22,1948
EQU.24N,-22,1949
EQU.24N,-28,1950
EQU.24N,1,1951
EQU.24N,0,1952
EQU.24N,6,1953
EQU.24N,-14,1954
EQU.24N,-27,1955
EQU.24N,-27,1956
EQU.24N,6,1957
EQU.24N,26,1958
EQU.24N,5,1959
EQU.24N,5,1960
EQU.24N,-7,1961
EQU.24N,-4,1962
EQU.24N,13,1963
EQU.24N,-14,1964
EQU.24N,-7,1965
EQU.24N,17,1966
EQU.24N,-11,1967
EQU.24N,-1,1968
EQU.24N,35,1969
EQU.24N,6,1970
EQU.24N,-30,1971
EQU.24N,6,1972
EQU.24N,6,1973
EQU.24N,-23,1974
EQU.24N,-29,1975
EQU.24N,-14,1976
EQU.24N,10,1977
EQU.24N,10,1978
EQU.24N,24,1979
EQU.24N,31,1980
EQU.24N,22,1981
EQU.24N,24,1982
EQU.24N,30,1983
EQU.24N,8,1984
EQU.24N,4,1985
EQU.24N,18,1986
EQU.24N,56,1987
EQU.24N,32,1988
EQU.24N,10,1989
EQU.24N,36,1990
EQU.24N,34,1991
EQU.24N,20,1992
EQU.24N,29,1993
EQU.24N,27,1994
EQU.24N,40,1995
EQU.24N,31,1996
EQU.24N,52,1997
EQU.24N,63,1998
EQU.24N,19,1999
EQU.24N,22,2000
EQU.24N,41,2001
EQU.24N,55,2002
EQU.24N,59,2003
EQU.24N,56,2004
EQU.24N,61,2005
EQU.24N,55,2006
EQU.24N,44,2007
EQU.24N,33,2008
EQU.24N,66,2009
EQU.24N,72,2010
EQU.24N,38,2011
EQU.24N,46,2012
EQU.24N,57,2013
EQU.24N,70,2014
24S.EQU,-5,1880
24S.EQU,2,1881
24S.EQU,-8,1882
24S.EQU,-19,1883
24S.EQU,-14,1884
24S.EQU,-23,1885
24S.EQU,-24,1886
24S.EQU,-31,1887
24S.EQU,8,1888
24S.EQU,11,1889
24S.EQU,-43,1890
24S.EQU,-24,1891
24S.EQU,-29,1892
24S.EQU,-36,1893
24S.EQU,-23,1894
24S.EQU,-8,1895
24S.EQU,8,1896
24S.EQU,18,1897
24S.EQU,-29,1898
24S.EQU,-10,1899
24S.EQU,19,1900
24S.EQU,-6,1901
24S.EQU,-8,1902
24S.EQU,-37,1903
24S.EQU,-48,1904
24S.EQU,-11,1905
24S.EQU,-21,1906
24S.EQU,-36,1907
24S.EQU,-49,1908
24S.EQU,-55,1909
24S.EQU,-54,1910
24S.EQU,-47,1911
24S.EQU,-11,1912
24S.EQU,-16,1913
24S.EQU,-2,1914
24S.EQU,-1,1915
24S.EQU,-42,1916
24S.EQU,-51,1917
24S.EQU,-22,1918
24S.EQU,-5,1919
24S.EQU,-14,1920
24S.EQU,-25,1921
24S.EQU,-29,1922
24S.EQU,-27,1923
24S.EQU,-24,1924
24S.EQU,-22,1925
24S.EQU,5,1926
24S.EQU,-17,1927
24S.EQU,-14,1928
24S.EQU,-29,1929
24S.EQU,-15,1930
24S.EQU,0,1931
24S.EQU,-18,1932
24S.EQU,-29,1933
24S.EQU,-26,1934
24S.EQU,-24,1935
24S.EQU,-23,1936
24S.EQU,-14,1937
24S.EQU,-31,1938
24S.EQU,-18,1939
24S.EQU,18,1940
24S.EQU,34,1941
24S.EQU,14,1942
24S.EQU,5,1943
24S.EQU,32,1944
24S.EQU,35,1945
24S.EQU,-7,1946
24S.EQU,-9,1947
24S.EQU,-14,1948
24S.EQU,-13,1949
24S.EQU,-26,1950
24S.EQU,-13,1951
24S.EQU,3,1952
24S.EQU,5,1953
24S.EQU,-28,1954
24S.EQU,-38,1955
24S.EQU,-37,1956
24S.EQU,8,1957
24S.EQU,14,1958
24S.EQU,8,1959
24S.EQU,-3,1960
24S.EQU,1,1961
24S.EQU,-5,1962
24S.EQU,9,1963
24S.EQU,-13,1964
24S.EQU,1,1965
24S.EQU,-1,1966
24S.EQU,-16,1967
24S.EQU,-10,1968
24S.EQU,29,1969
24S.EQU,6,1970
24S.EQU,-22,1971
24S.EQU,26,1972
24S.EQU,28,1973
24S.EQU,-16,1974
24S.EQU,-14,1975
24S.EQU,-7,1976
24S.EQU,23,1977
24S.EQU,7,1978
24S.EQU,27,1979
24S.EQU,28,1980
24S.EQU,16,1981
24S.EQU,30,1982
24S.EQU,58,1983
24S.EQU,30,1984
24S.EQU,18,1985
24S.EQU,30,1986
24S.EQU,63,1987
24S.EQU,45,1988
24S.EQU,22,1989
24S.EQU,39,1990
24S.EQU,44,1991
24S.EQU,41,1992
24S.EQU,38,1993
24S.EQU,37,1994
24S.EQU,49,1995
24S.EQU,37,1996
24S.EQU,54,1997
24S.EQU,81,1998
24S.EQU,32,1999
24S.EQU,33,2000
24S.EQU,48,2001
24S.EQU,67,2002
24S.EQU,68,2003
24S.EQU,58,2004
24S.EQU,69,2005
24S.EQU,58,2006
24S.EQU,50,2007
24S.EQU,45,2008
24S.EQU,71,2009
24S.EQU,66,2010
24S.EQU,37,2011
24S.EQU,57,2012
24S.EQU,58,2013
24S.EQU,64,2014
44S.24S,-2,1880
44S.24S,-6,1881
44S.24S,3,1882
44S.24S,-1,1883
44S.24S,-15,1884
44S.24S,-27,1885
44S.24S,-18,1886
44S.24S,-24,1887
44S.24S,-30,1888
44S.24S,-16,1889
44S.24S,-16,1890
44S.24S,-20,1891
44S.24S,-4,1892
44S.24S,3,1893
44S.24S,-16,1894
44S.24S,-21,1895
44S.24S,-15,1896
44S.24S,-21,1897
44S.24S,-27,1898
44S.24S,-13,1899
44S.24S,-31,1900
44S.24S,-29,1901
44S.24S,-27,1902
44S.24S,-37,1903
44S.24S,-36,1904
44S.24S,-37,1905
44S.24S,-23,1906
44S.24S,-25,1907
44S.24S,-31,1908
44S.24S,-38,1909
44S.24S,-32,1910
44S.24S,-43,1911
44S.24S,-37,1912
44S.24S,-29,1913
44S.24S,-17,1914
44S.24S,-10,1915
44S.24S,-22,1916
44S.24S,-17,1917
44S.24S,-8,1918
44S.24S,-7,1919
44S.24S,-20,1920
44S.24S,-25,1921
44S.24S,-23,1922
44S.24S,-26,1923
44S.24S,-38,1924
44S.24S,-24,1925
44S.24S,-32,1926
44S.24S,-31,1927
44S.24S,-32,1928
44S.24S,-41,1929
44S.24S,-31,1930
44S.24S,-42,1931
44S.24S,-25,1932
44S.24S,-22,1933
44S.24S,-23,1934
44S.24S,-29,1935
44S.24S,-27,1936
44S.24S,-21,1937
44S.24S,-9,1938
44S.24S,-5,1939
44S.24S,1,1940
44S.24S,2,1941
44S.24S,8,1942
44S.24S,13,1943
44S.24S,32,1944
44S.24S,14,1945
44S.24S,-18,1946
44S.24S,-16,1947
44S.24S,-19,1948
44S.24S,-15,1949
44S.24S,-5,1950
44S.24S,-20,1951
44S.24S,-9,1952
44S.24S,-10,1953
44S.24S,-16,1954
44S.24S,-16,1955
44S.24S,-11,1956
44S.24S,-8,1957
44S.24S,-9,1958
44S.24S,-4,1959
44S.24S,-10,1960
44S.24S,11,1961
44S.24S,6,1962
44S.24S,-11,1963
44S.24S,-30,1964
44S.24S,-21,1965
44S.24S,-24,1966
44S.24S,-7,1967
44S.24S,-12,1968
44S.24S,2,1969
44S.24S,9,1970
44S.24S,4,1971
44S.24S,14,1972
44S.24S,20,1973
44S.24S,21,1974
44S.24S,13,1975
44S.24S,9,1976
44S.24S,23,1977
44S.24S,20,1978
44S.24S,32,1979
44S.24S,35,1980
44S.24S,29,1981
44S.24S,18,1982
44S.24S,20,1983
44S.24S,16,1984
44S.24S,29,1985
44S.24S,26,1986
44S.24S,33,1987
44S.24S,39,1988
44S.24S,37,1989
44S.24S,38,1990
44S.24S,33,1991
44S.24S,21,1992
44S.24S,26,1993
44S.24S,27,1994
44S.24S,32,1995
44S.24S,35,1996
44S.24S,43,1997
44S.24S,43,1998
44S.24S,50,1999
44S.24S,47,2000
44S.24S,58,2001
44S.24S,49,2002
44S.24S,47,2003
44S.24S,50,2004
44S.24S,52,2005
44S.24S,54,2006
44S.24S,54,2007
44S.24S,56,2008
44S.24S,61,2009
44S.24S,66,2010
44S.24S,68,2011
44S.24S,60,2012
44S.24S,64,2013
44S.24S,76,2014
64S.44S,-8,1880
64S.44S,-3,1881
64S.44S,8,1882
64S.44S,0,1883
64S.44S,-5,1884
64S.44S,-7,1885
64S.44S,-21,1886
64S.44S,-29,1887
64S.44S,-38,1888
64S.44S,-17,1889
64S.44S,-40,1890
64S.44S,-28,1891
64S.44S,-34,1892
64S.44S,-22,1893
64S.44S,-32,1894
64S.44S,-13,1895
64S.44S,-22,1896
64S.44S,-37,1897
64S.44S,-30,1898
64S.44S,-23,1899
64S.44S,-38,1900
64S.44S,-26,1901
64S.44S,-42,1902
64S.44S,-25,1903
64S.44S,-38,1904
64S.44S,-34,1905
64S.44S,-22,1906
64S.44S,-31,1907
64S.44S,-38,1908
64S.44S,-41,1909
64S.44S,-32,1910
64S.44S,-53,1911
64S.44S,-13,1912
64S.44S,-31,1913
64S.44S,-23,1914
64S.44S,-23,1915
64S.44S,-17,1916
64S.44S,4,1917
64S.44S,-23,1918
64S.44S,-22,1919
64S.44S,-44,1920
64S.44S,-49,1921
64S.44S,-27,1922
64S.44S,-28,1923
64S.44S,-60,1924
64S.44S,-55,1925
64S.44S,-46,1926
64S.44S,-41,1927
64S.44S,-62,1928
64S.44S,-57,1929
64S.44S,-42,1930
64S.44S,-31,1931
64S.44S,-57,1932
64S.44S,-46,1933
64S.44S,-34,1934
64S.44S,-34,1935
64S.44S,-28,1936
64S.44S,-14,1937
64S.44S,-8,1938
64S.44S,-10,1939
64S.44S,-21,1940
64S.44S,-18,1941
64S.44S,-5,1942
64S.44S,1,1943
64S.44S,-1,1944
64S.44S,-4,1945
64S.44S,-16,1946
64S.44S,-11,1947
64S.44S,-16,1948
64S.44S,-13,1949
64S.44S,-21,1950
64S.44S,-21,1951
64S.44S,0,1952
64S.44S,-12,1953
64S.44S,-4,1954
64S.44S,-19,1955
64S.44S,0,1956
64S.44S,-9,1957
64S.44S,-7,1958
64S.44S,-15,1959
64S.44S,-4,1960
64S.44S,-11,1961
64S.44S,-9,1962
64S.44S,-20,1963
64S.44S,-9,1964
64S.44S,0,1965
64S.44S,-17,1966
64S.44S,-7,1967
64S.44S,2,1968
64S.44S,13,1969
64S.44S,0,1970
64S.44S,11,1971
64S.44S,2,1972
64S.44S,-1,1973
64S.44S,-6,1974
64S.44S,4,1975
64S.44S,10,1976
64S.44S,37,1977
64S.44S,16,1978
64S.44S,38,1979
64S.44S,37,1980
64S.44S,37,1981
64S.44S,30,1982
64S.44S,29,1983
64S.44S,24,1984
64S.44S,38,1985
64S.44S,26,1986
64S.44S,21,1987
64S.44S,18,1988
64S.44S,25,1989
64S.44S,32,1990
64S.44S,34,1991
64S.44S,33,1992
64S.44S,35,1993
64S.44S,25,1994
64S.44S,16,1995
64S.44S,31,1996
64S.44S,38,1997
64S.44S,32,1998
64S.44S,16,1999
64S.44S,10,2000
64S.44S,20,2001
64S.44S,29,2002
64S.44S,23,2003
64S.44S,21,2004
64S.44S,20,2005
64S.44S,19,2006
64S.44S,6,2007
64S.44S,10,2008
64S.44S,18,2009
64S.44S,23,2010
64S.44S,26,2011
64S.44S,25,2012
64S.44S,30,2013
64S.44S,23,2014
90S.64S,39,1880
90S.64S,37,1881
90S.64S,42,1882
90S.64S,37,1883
90S.64S,40,1884
90S.64S,38,1885
90S.64S,28,1886
90S.64S,21,1887
90S.64S,16,1888
90S.64S,19,1889
90S.64S,4,1890
90S.64S,9,1891
90S.64S,5,1892
90S.64S,2,1893
90S.64S,-12,1894
90S.64S,-1,1895
90S.64S,3,1896
90S.64S,5,1897
90S.64S,8,1898
90S.64S,13,1899
90S.64S,12,1900
90S.64S,1,1901
90S.64S,6,1902
90S.64S,-43,1903
90S.64S,-108,1904
90S.64S,-20,1905
90S.64S,-49,1906
90S.64S,-101,1907
90S.64S,82,1908
90S.64S,-32,1909
90S.64S,43,1910
90S.64S,31,1911
90S.64S,-137,1912
90S.64S,-75,1913
90S.64S,-16,1914
90S.64S,-182,1915
90S.64S,-104,1916
90S.64S,37,1917
90S.64S,4,1918
90S.64S,44,1919
90S.64S,-69,1920
90S.64S,-52,1921
90S.64S,-5,1922
90S.64S,-34,1923
90S.64S,-49,1924
90S.64S,-59,1925
90S.64S,-39,1926
90S.64S,-130,1927
90S.64S,-205,1928
90S.64S,-97,1929
90S.64S,-237,1930
90S.64S,-26,1931
90S.64S,-81,1932
90S.64S,-94,1933
90S.64S,-31,1934
90S.64S,-139,1935
90S.64S,26,1936
90S.64S,74,1937
90S.64S,-72,1938
90S.64S,-155,1939
90S.64S,16,1940
90S.64S,-26,1941
90S.64S,-69,1942
90S.64S,136,1943
90S.64S,-49,1944
90S.64S,-143,1945
90S.64S,41,1946
90S.64S,28,1947
90S.64S,-83,1948
90S.64S,-152,1949
90S.64S,-68,1950
90S.64S,-48,1951
90S.64S,-21,1952
90S.64S,-93,1953
90S.64S,-69,1954
90S.64S,130,1955
90S.64S,59,1956
90S.64S,39,1957
90S.64S,-68,1958
90S.64S,-36,1959
90S.64S,-86,1960
90S.64S,12,1961
90S.64S,-85,1962
90S.64S,5,1963
90S.64S,-44,1964
90S.64S,-6,1965
90S.64S,15,1966
90S.64S,27,1967
90S.64S,-14,1968
90S.64S,-4,1969
90S.64S,41,1970
90S.64S,25,1971
90S.64S,55,1972
90S.64S,29,1973
90S.64S,58,1974
90S.64S,28,1975
90S.64S,-36,1976
90S.64S,13,1977
90S.64S,-5,1978
90S.64S,-24,1979
90S.64S,104,1980
90S.64S,54,1981
90S.64S,-27,1982
90S.64S,4,1983
90S.64S,58,1984
90S.64S,14,1985
90S.64S,-3,1986
90S.64S,18,1987
90S.64S,105,1988
90S.64S,34,1989
90S.64S,28,1990
90S.64S,99,1991
90S.64S,42,1992
90S.64S,-13,1993
90S.64S,-11,1994
90S.64S,8,1995
90S.64S,111,1996
90S.64S,-4,1997
90S.64S,21,1998
90S.64S,3,1999
90S.64S,34,2000
90S.64S,49,2001
90S.64S,87,2002
90S.64S,59,2003
90S.64S,-6,2004
90S.64S,76,2005
90S.64S,36,2006
90S.64S,117,2007
90S.64S,50,2008
90S.64S,85,2009
90S.64S,38,2010
90S.64S,93,2011
90S.64S,32,2012
90S.64S,67,2013
90S.64S,47,2014
